{
    "name": "vegas",
    "version": "2.5.1",
    "description": "Vegas - Fullscreen Backgrounds and Slideshows.",
    "homepage": "http://vegas.jaysalvat.com",
    "author": "Jay Salvat",
    "license": "MIT",
    "main": [
        "dist/vegas.min.js",
        "dist/vegas.min.css"
    ],
    "repository": {
        "type": "git",
        "url": "git@github.com:jaysalvat/vegas.git"
    },
    "keywords": [
        "background",
        "slideshow",
        "fullscreen",
        "vegas",
        "jquery-plugin",
        "jquery",
        "zepto"
    ]
}